YEAR,REPDTE,REPDTE_CLEAN,NAME,CERT,CITY,STALP,ASSET,DEP,ROA,ROE,NIM_PERCENT,NIM_DOLLARS,EEFFR,NALTOT,NAASSET,HAS_FULL_HISTORY
2022,20220331,3/31/2022,ANDERSON BROTHERS BANK,9923,MULLINS,SC,1518734,1384541,1.942935321,22.55,6.126679809,21064,55.98233823,0,3878,N
2024,20240331,3/31/2024,ANDERSON BROTHERS BANK,9923,MULLINS,SC,1938360,1738506,1.159222066,14.16,6.23296751,26877,62.7393082,,8526,N
2026,20260331,3/31/2026,ANDERSON BROTHERS BANK,9923,MULLINS,SC,2275809,2056739,1.481250526,16.7,6.095858628,31791,59.62850014,,10830,N
2024,20240331,3/31/2024,APEX BANK,9176,CAMDEN,TN,1297261,992154,2.557649558,18.38,5.464975236,16597,37.64247828,,5596,N
2026,20260331,3/31/2026,APEX BANK,9176,CAMDEN,TN,1406483,1090759,2.398731589,16.07,5.507642447,17886,37.11192485,,13180,N
2020,20200331,3/31/2020,ATLANTIC CAPITAL BANK NA,35525,ATLANTA,GA,2719322,2237057,0.435761431,3.32,3.377890569,21809,52.4713277,0,6250,N
2026,20260331,3/31/2026,BANK OF FAYETTE COUNTY,10308,PIPERTON,TN,1121513,969864,0.953622313,10.44,3.954971804,10428,66.75955056,,7054,N
2020,20200331,3/31/2020,BANK OF PUTNAM COUNTY,8432,COOKEVILLE,TN,1106075,993938,0.853510412,10.07,3.196915506,7877,73.3974958,0,539,Y
2020,20200331,3/31/2020,BANK OF TENNESSEE,21573,KINGSPORT,TN,1475366,1199709,1.404732009,15.26,3.904897825,12829,64.33158585,0,4632,Y
2022,20220331,3/31/2022,BANK OF TENNESSEE,21573,KINGSPORT,TN,1881819,1705434,1.614045556,19.42,3.448736391,14364,59.47855617,0,3149,Y
2024,20240331,3/31/2024,BANK OF TENNESSEE,21573,KINGSPORT,TN,1875869,1692418,1.247198298,14.97,3.239801098,14061,74.17061611,,4316,Y
2026,20260331,3/31/2026,BANK OF TENNESSEE,21573,KINGSPORT,TN,2120392,1852587,1.68971065,18.52,4.137935673,19993,58.82326521,,6621,Y
2022,20220331,3/31/2022,BANK OF TRAVELERS REST,16389,TRAVELERS REST,SC,1325035,1215666,1.239835525,15.53,2.541428011,7807,60.18234254,0,2647,N
2024,20240331,3/31/2024,BANK OF TRAVELERS REST,16389,TRAVELERS REST,SC,1398332,1279589,1.08147143,15.59,2.697093513,8733,65.68643648,,409,N
2026,20260331,3/31/2026,BANK OF TRAVELERS REST,16389,TRAVELERS REST,SC,1602060,1430674,1.914322356,21.82,3.194131511,11848,60.4663179,,1248,N
2022,20220331,3/31/2022,BANKSOUTH,16418,GREENSBORO,GA,1265770,1112030,0.984998927,10.86,3.309762999,9596,84.43702397,0,4242,N
2024,20240331,3/31/2024,BANKSOUTH,16418,GREENSBORO,GA,1293256,1104484,1.132528832,11.3,4.008117114,11999,77.85444543,,2630,N
2026,20260331,3/31/2026,BANKSOUTH,16418,GREENSBORO,GA,1617776,1399194,1.475998944,14.92,4.582500323,17128,70.30269325,,6576,N
2024,20240331,3/31/2024,BUILTWELL BANK,10307,CHATTANOOGA,TN,1804941,1594359,2.138899655,18.45,5.083793582,21232,46.44110175,,6181,Y
2026,20260331,3/31/2026,BUILTWELL BANK,10307,CHATTANOOGA,TN,2302796,2018333,2.041243325,18.2,4.738518812,25247,45.32063276,,7879,Y
2020,20200331,3/31/2020,CAPSTAR BANK,58823,NASHVILLE,TN,2071394,1774489,0.291528583,2.29,3.519483136,16661,60.52070375,0,3866,N
2022,20220331,3/31/2022,CAPSTAR BANK,58823,NASHVILLE,TN,3187662,2765396,1.40575883,11.34,2.992273365,21534,55.8719791,0,3502,N
2024,20240331,3/31/2024,CAPSTAR BANK,58823,NASHVILLE,TN,3040033,2563113,-0.57841717,-4.74,2.76500371,19529,122.1267454,,16312,N
2026,20260331,3/31/2026,CENTENNIAL BANK,8439,TREZEVANT,TN,1062984,935608,1.042418133,10.44,3.961341946,9827,58.97881209,,3682,N
2022,20220331,3/31/2022,CITIZENS BANK,14851,ELIZABETHTON,TN,1078316,915809,2.424508931,19.02,4.322054616,10674,54.97272107,0,1679,N
2024,20240331,3/31/2024,CITIZENS BANK,14851,ELIZABETHTON,TN,1235366,1050511,1.749944315,12.83,4.058388078,11811,61.36540884,,6688,N
2026,20260331,3/31/2026,CITIZENS BANK,15932,OLANTA,SC,1164386,1034963,1.167740593,11.17,4.195290268,11046,60.8838848,,1110,N
2026,20260331,3/31/2026,CITIZENS BANK,14851,ELIZABETHTON,TN,1401762,1159471,1.826905105,14.41,4.353091165,14298,57.76346724,,10098,N
2022,20220331,3/31/2022,CITIZENS BANK OF LAFAYETTE,1711,LAFAYETTE,TN,1493455,1333258,1.198172061,12.66,3.138024595,10808,56.45697758,0,6478,N
2024,20240331,3/31/2024,CITIZENS BANK OF LAFAYETTE,1711,LAFAYETTE,TN,1573074,1372621,0.854875747,9.49,3.13120836,11279,65.35581886,,5188,N
2020,20200331,3/31/2020,CITIZENS NATIONAL BANK,20954,SEVIERVILLE,TN,1111026,966283,1.830243888,15.48,4.033208403,10242,54.5283503,0,1295,Y
2022,20220331,3/31/2022,CITIZENS NATIONAL BANK,20954,SEVIERVILLE,TN,1622047,1473182,1.513217652,16.78,3.058493759,11536,53.15946349,0,1405,Y
2024,20240331,3/31/2024,CITIZENS NATIONAL BANK,20954,SEVIERVILLE,TN,1683240,1426758,1.193229283,14.74,2.961615772,12091,57.27626459,,3,Y
2026,20260331,3/31/2026,CITIZENS NATIONAL BANK,20954,SEVIERVILLE,TN,1959788,1748773,1.940512192,20.28,3.442145667,15986,43.43700291,,1,Y
2022,20220331,3/31/2022,CITIZENS TRI-COUNTY BANK,20818,DUNLAP,TN,1235523,1121103,1.635039475,18,3.262672472,9309,54.92576419,0,5185,N
2024,20240331,3/31/2024,CITIZENS TRI-COUNTY BANK,20818,DUNLAP,TN,1389931,1271401,1.505035662,19.8,3.344904076,10678,59.26979611,,6285,N
2026,20260331,3/31/2026,CITIZENS TRI-COUNTY BANK,20818,DUNLAP,TN,1653503,1498829,1.816877603,21.48,3.65403735,14012,54.18973791,,6734,N
2026,20260331,3/31/2026,COASTAL CAROLINA NB,58864,MYRTLE BEACH,SC,1277396,1152508,1.118719093,12.2,3.603543041,10989,56.38527205,,208,N
2024,20240331,3/31/2024,COASTAL STATES BANK,57756,HILTON HEAD ISLA,SC,2049528,1751499,0.555563329,5.87,3.379981694,15948,58.60700523,,3849,N
2026,20260331,3/31/2026,COASTAL STATES BANK,57756,HILTON HEAD ISLA,SC,2346155,2059588,1.105185254,10,3.607675355,19744,59.31898816,,18183,N
2022,20220331,3/31/2022,COASTALSTATES BANK,57756,HILTON HEAD ISLA,SC,1668204,1490918,0.974902067,11.23,3.139598094,12143,54.42729488,0,1992,N
2020,20200331,3/31/2020,COLONY BANK,22257,FITZGERALD,GA,1506239,1299757,0.499463322,4.57,3.726577486,13072,75.33939322,0,10643,Y
2022,20220331,3/31/2022,COLONY BANK,22257,FITZGERALD,GA,2682488,2385769,0.843530777,9.44,3.135738554,19382,74.66545543,0,6171,Y
2024,20240331,3/31/2024,COLONY BANK,22257,FITZGERALD,GA,3005346,2550264,0.769210676,8.17,2.804723523,19592,69.02469511,,6431,Y
2026,20260331,3/31/2026,COLONY BANK,22257,FITZGERALD,GA,3705164,3074075,0.940052276,8.68,3.496844598,30038,67.02515985,,17599,Y
2020,20200331,3/31/2020,COMMERCIAL BANK,22354,HARROGATE,TN,1496200,1255364,1.413448398,14.3,4.044259257,12954,52.92043962,0,14691,Y
2022,20220331,3/31/2022,COMMERCIAL BANK,22354,HARROGATE,TN,1719378,1454077,1.241896399,12.45,3.284780892,13004,52.18666849,0,3984,Y
2024,20240331,3/31/2024,COMMERCIAL BANK,22354,HARROGATE,TN,1935302,1604950,1.70917915,16.79,3.693273914,16548,44.28062216,,4694,Y
2026,20260331,3/31/2026,COMMERCIAL BANK,22354,HARROGATE,TN,2307886,1926860,1.814933743,16.88,3.843881477,20551,41.32429025,,5861,Y
2022,20220331,3/31/2022,COMMERCIAL BANK&TRUST CO,8660,PARIS,TN,1107908,1027334,1.233049759,15.54,2.707709361,7133,66.88305992,0,3215,N
2024,20240331,3/31/2024,COMMERCIAL BANK&TRUST CO,8660,PARIS,TN,1015999,930960,1.04937773,14.14,2.940974932,7189,72.79651795,,188,N
2026,20260331,3/31/2026,COMMERCIAL BANK&TRUST CO,8660,PARIS,TN,1096299,992142,1.182785366,13.65,3.406831308,8785,67.61320675,,997,N
2020,20200331,3/31/2020,CONWAY NATIONAL BANK,2102,CONWAY,SC,1269801,1028384,1.183543248,11.83,3.07928106,9302,57.18915231,0,2138,Y
2022,20220331,3/31/2022,CONWAY NATIONAL BANK,2102,CONWAY,SC,1791534,1528542,0.791556142,10.7,2.169297442,9313,59.17664284,0,1016,Y
2024,20240331,3/31/2024,CONWAY NATIONAL BANK,2102,CONWAY,SC,1764993,1505832,0.967921639,11.7,2.462550274,10529,59.28689233,,438,Y
2026,20260331,3/31/2026,CONWAY NATIONAL BANK,2102,CONWAY,SC,1940788,1618302,1.403497224,14.62,3.234826357,15171,47.37500711,,404,Y
2020,20200331,3/31/2020,CRESCOM BANK,57135,CHARLESTON,SC,4801769,3586173,1.184166037,7.18,3.915901643,41450,59.01064782,0,26675,N
2020,20200331,3/31/2020,F&M BANK,9963,CLARKSVILLE,TN,1181964,964316,1.643375736,14.31,3.017287131,7995,83.76805641,0,2060,N
2022,20220331,3/31/2022,F&M BANK,9963,CLARKSVILLE,TN,1412443,1225282,0.823193447,7.74,3.392849421,10691,76.13485532,0,490,N
2024,20240331,3/31/2024,F&M BANK,9963,CLARKSVILLE,TN,1827891,1617555,0.515016388,6.3,2.828863352,11732,81.6894058,,979,N
2026,20260331,3/31/2026,FINANCIAL FEDERAL BANK,31840,MEMPHIS,TN,1119899,858567,1.036095066,10.6,2.568336691,6999,55.14163756,,644,N
2026,20260331,3/31/2026,FIRST CAPITAL BANK,34966,CHARLESTON,SC,1240094,1047472,1.122346437,12.14,3.488472422,9855,53.63011081,,1075,N
2020,20200331,3/31/2020,FIRST CITIZENS NATIONAL BANK,4972,DYERSBURG,TN,1833341,1498933,1.184610346,9.92,3.26005154,13786,66.05447559,0,2769,N
2022,20220331,3/31/2022,FIRST CITIZENS NATIONAL BANK,4972,DYERSBURG,TN,2285852,2010769,1.331513592,13.69,3.212797679,17051,59.53065578,0,2051,N
2024,20240331,3/31/2024,FIRST CITIZENS NATIONAL BANK,4972,DYERSBURG,TN,2385314,2057724,0.634053112,8.07,2.422449601,13385,75.73643858,,3497,N
2020,20200331,3/31/2020,FIRST COMMUNITY BANK,34047,LEXINGTON,SC,1185200,990113,0.682382871,6.01,3.598792325,9579,70.33523595,0,1738,Y
2022,20220331,3/31/2022,FIRST COMMUNITY BANK,34047,LEXINGTON,SC,1652254,1435622,0.918357635,10.34,2.893983669,10832,68.2617326,0,148,Y
2024,20240331,3/31/2024,FIRST COMMUNITY BANK,34047,LEXINGTON,SC,1885960,1582046,0.667172198,8.72,2.868491819,12375,73.18114208,,56,Y
2026,20260331,3/31/2026,FIRST COMMUNITY BANK,34047,LEXINGTON,SC,2401075,2053452,1.089868142,12.01,3.574260674,18604,69.75584594,,311,Y
2020,20200331,3/31/2020,FIRST FARMERS&MERCHANTS BANK,1487,COLUMBIA,TN,1435927,1256624,0.934536955,9,3.34680172,10884,71.47568013,0,1610,Y
2022,20220331,3/31/2022,FIRST FARMERS&MERCHANTS BANK,1487,COLUMBIA,TN,2141737,1998261,0.739116922,10.75,2.315662098,11171,70.67818693,0,1000,Y
2024,20240331,3/31/2024,FIRST FARMERS&MERCHANTS BANK,1487,COLUMBIA,TN,1881961,1567086,0.741270519,11.14,2.470316893,10716,69.29943584,,945,Y
2026,20260331,3/31/2026,FIRST FARMERS&MERCHANTS BANK,1487,COLUMBIA,TN,1794226,1601354,1.250316001,12.93,3.566579543,14809,61.53761001,,1332,Y
2026,20260331,3/31/2026,FIRST FEDERAL BANK,29782,DICKSON,TN,1098087,969666,1.497730411,14.27,3.195839928,8223,50.42512754,,2685,N
2024,20240331,3/31/2024,FIRST IC BANK,34998,DORAVILLE,GA,1147529,946330,1.911869552,17.34,4.417953959,12245,47.50593824,,1930,N
2022,20220331,3/31/2022,FIRST NB OF PULASKI,15572,PULASKI,TN,1186741,1074420,0.947477807,10.52,3.192919075,8838,60.15533981,0,1014,N
2024,20240331,3/31/2024,FIRST NB OF PULASKI,15572,PULASKI,TN,1391234,1265864,1.024095324,12.96,3.201581012,10279,60.80686695,,577,N
2026,20260331,3/31/2026,FIRST NB OF PULASKI,15572,PULASKI,TN,1507769,1344541,1.336626606,13.96,3.701877829,13216,54.63790023,,2464,N
2022,20220331,3/31/2022,FIRST NB OF TENNESSEE,19502,LIVINGSTON,TN,1284648,1180929,0.548985808,6.96,2.016685386,6327,77.49485597,0,1051,N
2024,20240331,3/31/2024,FIRST NB OF TENNESSEE,19502,LIVINGSTON,TN,1305123,1146725,1.592091419,15.04,3.521689313,11038,58.32188182,,1325,N
2026,20260331,3/31/2026,FIRST NB OF TENNESSEE,19502,LIVINGSTON,TN,1365377,1192924,2.107316528,19.21,4.044130205,13320,51.56165495,,2086,N
2026,20260331,3/31/2026,FIRST PALMETTO BANK,28396,CAMDEN,SC,1078904,972919,1.516926809,16.68,3.542313198,9026,53.00208768,,1155,N
2024,20240331,3/31/2024,FIRST RELIANCE BANK,35214,FLORENCE,SC,1025775,884290,0.667156556,7.27,3.300540756,7573,76.41843972,,169,N
2026,20260331,3/31/2026,FIRST RELIANCE BANK,35214,FLORENCE,SC,1116792,930785,1.336034625,13.39,3.825550809,9766,63.19821495,,1518,N
2020,20200331,3/31/2020,FIRST VOLUNTEER BANK,10307,CHATTANOOGA,TN,1035417,893987,1.612308165,12.63,4.804967992,11318,59.93845293,0,5053,Y
2022,20220331,3/31/2022,FIRST VOLUNTEER BANK,10307,CHATTANOOGA,TN,1401369,1272195,1.118496862,13.25,3.134605897,10325,59.77245329,0,7756,Y
2020,20200331,3/31/2020,FIRSTBANK,8663,NASHVILLE,TN,6651423,5377141,0.081744349,0.65,3.95069861,56735,69.14320858,0,24547,N
2020,20200331,3/31/2020,FRANKLIN SYNERGY BANK,58714,FRANKLIN,TN,3786014,3138329,0.215521088,1.79,3.164419669,28519,59.45375026,0,27434,N
2022,20220331,3/31/2022,GEORGIA BANKING CO,57071,ATLANTA,GA,1203461,1087748,-0.217943785,-2.36,3.09977318,8813,100.858118,0,3221,N
2024,20240331,3/31/2024,GEORGIA BANKING CO,57071,ATLANTA,GA,1717267,1418223,0.480179473,5.34,4.130405875,16773,76.80269852,,2794,N
2026,20260331,3/31/2026,GEORGIA BANKING CO,57071,ATLANTA,GA,2675774,2244675,1.252238301,12.83,4.345313041,27769,59.10004539,,17368,N
2022,20220331,3/31/2022,GRANDSOUTH BANK,34812,GREENVILLE,SC,1252931,1116171,1.453843166,14.28,4.575279049,13478,56.48443594,0,575,N
2020,20200331,3/31/2020,HERITAGE SOUTHEAST BANK,30846,JONESBORO,GA,1324338,1135333,0.550133343,4.65,4.274634338,12431,72.46306904,0,15317,N
2022,20220331,3/31/2022,HERITAGE SOUTHEAST BANK,30846,JONESBORO,GA,1695380,1469142,0.985448215,8.47,3.338778377,12680,68.1929437,0,1897,N
2020,20200331,3/31/2020,HOME FEDERAL BANK OF TN,29683,KNOXVILLE,TN,2263890,1767354,0.376678141,2.06,2.282768575,12470,81.2584028,0,3216,Y
2022,20220331,3/31/2022,HOME FEDERAL BANK OF TN,29683,KNOXVILLE,TN,2830154,2291414,0.262547736,1.71,1.902775485,12984,85.00160102,0,3727,Y
2024,20240331,3/31/2024,HOME FEDERAL BANK OF TN,29683,KNOXVILLE,TN,3506815,2155821,-0.128156875,-0.91,1.304972036,10036,109.9009901,,61865,Y
2026,20260331,3/31/2026,HOME FEDERAL BANK OF TN,29683,KNOXVILLE,TN,2730496,2163072,0.238214228,1.43,2.250011985,14843,86.82631341,,58523,Y
2020,20200331,3/31/2020,INDEPENDENT BANK,34728,MEMPHIS,TN,1111405,902906,1.177333098,9.6,4.555685594,10583,66.06424333,0,6177,Y
2022,20220331,3/31/2022,INDEPENDENT BANK,34728,MEMPHIS,TN,1287101,1135330,1.18886087,10.36,4.314690241,11821,66.41120673,0,8895,Y
2024,20240331,3/31/2024,INDEPENDENT BANK,34728,MEMPHIS,TN,1445495,1175220,1.172853153,10.41,4.640146229,14546,68.19448095,,5938,Y
2026,20260331,3/31/2026,INDEPENDENT BANK,34728,MEMPHIS,TN,1678841,1426089,1.263863549,11.36,4.628955248,15730,61.72856178,,6174,Y
2026,20260331,3/31/2026,INSBANK,35521,NASHVILLE,TN,1077643,924426,0.885797121,9.07,3.487750592,8744,61.31159333,,2272,N
2026,20260331,3/31/2026,LAWRENCE BANK,22451,NASHVILLE,TN,3072746,2647323,1.198833718,10.39,3.887600529,27172,66.05757855,,3842,N
2020,20200331,3/31/2020,METRO CITY BANK,58181,DORAVILLE,GA,1608456,1279441,2.426510135,19.26,4.18248167,15854,42.97087875,0,10944,Y
2022,20220331,3/31/2022,METRO CITY BANK,58181,DORAVILLE,GA,3146101,2427139,2.491690132,26.84,4.080251696,30240,30.71905656,0,9506,Y
2024,20240331,3/31/2024,METRO CITY BANK,58181,DORAVILLE,GA,3615824,2844969,1.656408963,15.19,3.245831943,27078,37.60587066,,13297,Y
2026,20260331,3/31/2026,METRO CITY BANK,58181,DORAVILLE,GA,4633553,3658600,1.915620109,18.08,4.038970628,44486,41.38864903,,16824,Y
2020,20200331,3/31/2020,MORRIS BANK,17910,DUBLIN,GA,1020171,894212,1.702783312,14.47,4.724501901,11166,52.84539868,0,12344,Y
2022,20220331,3/31/2022,MORRIS BANK,17910,DUBLIN,GA,1437184,1261548,1.714306009,14.44,4.130489341,13969,54.67713119,0,3307,Y
2024,20240331,3/31/2024,MORRIS BANK,17910,DUBLIN,GA,1428883,1228868,1.536710521,11.75,4.080033248,13744,62.67770966,,2915,Y
2026,20260331,3/31/2026,MORRIS BANK,17910,DUBLIN,GA,1598703,1384107,-0.45028934,-3.51,4.591320384,17228,106.0582219,,7405,Y
2022,20220331,3/31/2022,MOUNTAIN COMMERCE BANK,4931,KNOXVILLE,TN,1398582,1162642,1.456692697,15.41,3.647740437,11942,41.41484581,0,1839,N
2024,20240331,3/31/2024,MOUNTAIN COMMERCE BANK,4931,KNOXVILLE,TN,1802316,1595850,0.441207716,5.32,1.691989044,7006,74.73806752,,805,N
2026,20260331,3/31/2026,MOUNTAIN COMMERCE BANK,4931,KNOXVILLE,TN,1781141,1536031,0.28770098,3.33,2.586929887,10742,67.02317291,,5199,N
2022,20220331,3/31/2022,ONE BANK OF TENNESSEE,8432,COOKEVILLE,TN,1491033,1373560,0.971335347,14.89,2.557080056,8648,65.82897902,0,114,Y
2024,20240331,3/31/2024,ONE BANK OF TENNESSEE,8432,COOKEVILLE,TN,1563931,1433499,1.126855165,18.88,2.890589772,10489,63.28187287,,45,Y
2026,20260331,3/31/2026,ONE BANK OF TENNESSEE,8432,COOKEVILLE,TN,1670707,1492356,2.055902423,23.64,4.116421605,16015,49.80578555,,45,Y
2022,20220331,3/31/2022,PEOPLESSOUTH BANK,21292,COLQUITT,GA,1035674,976176,1.279891047,19.07,3.515275957,8650,55.06700168,0,2642,N
2024,20240331,3/31/2024,PEOPLESSOUTH BANK,21292,COLQUITT,GA,1100857,1049989,1.063182092,26.39,3.567683528,9284,62.28677259,,7554,N
2026,20260331,3/31/2026,PEOPLESSOUTH BANK,21292,COLQUITT,GA,1204901,1120430,1.653551125,26.57,4.21170474,11719,49.6604012,,7548,N
2020,20200331,3/31/2020,PIEDMONT BANK,58374,PEACHTREE CORNER,GA,1050569,886699,1.481429879,12.55,4.183802892,10267,51.87264194,0,2517,N
2022,20220331,3/31/2022,PIEDMONT BANK,58374,PEACHTREE CORNER,GA,1807276,1608020,1.079198122,10.82,3.425490374,14547,56.31646892,0,943,N
2024,20240331,3/31/2024,PIEDMONT BANK,58374,PEACHTREE CORNER,GA,2079824,1836859,1.346814709,12.89,4.174525758,19930,55.17305115,,0,N
2022,20220331,3/31/2022,PINNACLE BANK,14065,ELBERTON,GA,2058158,1866245,1.012428161,11.52,3.307592711,15599,63.771797,0,1819,N
2024,20240331,3/31/2024,PINNACLE BANK,14065,ELBERTON,GA,2174160,1918210,1.030995285,12.29,3.751814809,18606,66.39665534,,766,N
2026,20260331,3/31/2026,PINNACLE BANK,14065,ELBERTON,GA,2345636,2091603,1.176857733,12.12,4.414238271,23593,68.08022149,,2053,N
2022,20220331,3/31/2022,PRIMESOUTH BANK,5694,BLACKSHEAR,GA,1114380,1018843,1.160498802,13.54,3.359388056,8845,56.92221809,0,3041,N
2024,20240331,3/31/2024,PRIMESOUTH BANK,5694,BLACKSHEAR,GA,1257698,1103985,1.473639088,15.44,4.259083574,12632,55.33495314,,632,N
2026,20260331,3/31/2026,PRIMESOUTH BANK,5694,BLACKSHEAR,GA,1538347,1306022,1.871020936,17.12,4.632135527,16737,47.07770004,,14157,N
2020,20200331,3/31/2020,QUEENSBOROUGH NB&T CO,2138,LOUISVILLE,GA,1234803,1081468,0.958193865,9.36,3.925953403,11113,71.9844861,0,25287,Y
2022,20220331,3/31/2022,QUEENSBOROUGH NB&T CO,2138,LOUISVILLE,GA,2021107,1881041,0.849092071,12.01,2.856437536,13755,71.44434629,0,13725,Y
2024,20240331,3/31/2024,QUEENSBOROUGH NB&T CO,2138,LOUISVILLE,GA,2114308,1888716,0.702475893,9.64,3.184212867,15525,72.98299845,,4615,Y
2026,20260331,3/31/2026,QUEENSBOROUGH NB&T CO,2138,LOUISVILLE,GA,2342102,2111006,1.064157158,13.24,3.825037465,20212,65.81120825,,2234,Y
2020,20200331,3/31/2020,RBC BANK GEORGIA NA,26342,ATLANTA,GA,4356173,3852216,0.832334259,8.26,2.615479937,28557,43.5483871,0,2572,Y
2022,20220331,3/31/2022,RBC BANK GEORGIA NA,26342,ATLANTA,GA,6146175,5608505,0.722305201,8.75,1.393231393,20895,54.96283724,0,7961,Y
2024,20240331,3/31/2024,RBC BANK GEORGIA NA,26342,ATLANTA,GA,6494995,5762018,2.338503228,23.34,3.797961456,60277,30.61625468,,4822,Y
2026,20260331,3/31/2026,RBC BANK GEORGIA NA,26342,ATLANTA,GA,8785816,7773634,2.297915202,21.57,3.987715367,82102,30.90211528,,16896,Y
2020,20200331,3/31/2020,RELIANT BANK,58366,BRENTWOOD,TN,2170602,1733506,0.807049491,6.23,3.895495026,18072,66.41612252,0,3949,N
2024,20240331,3/31/2024,SECURITY BANK&TRUST CO,9172,PARIS,TN,1218482,1056996,1.156867629,11.38,2.732718578,7718,52.63282452,,5,N
2026,20260331,3/31/2026,SECURITY BANK&TRUST CO,9172,PARIS,TN,1601377,1359404,1.572047918,14.08,3.471747013,12766,47.11738165,,192,N
2020,20200331,3/31/2020,SECURITY FEDERAL BANK,31100,AIKEN,SC,1029261,801675,0.569488775,5.32,3.256105606,7484,80.51539912,0,3795,Y
2022,20220331,3/31/2022,SECURITY FEDERAL BANK,31100,AIKEN,SC,1299490,1146141,0.579933977,6.23,2.770851606,8447,77.97551789,0,2817,Y
2024,20240331,3/31/2024,SECURITY FEDERAL BANK,31100,AIKEN,SC,1455108,1231924,0.425245412,5.32,2.858201187,9761,79.75495916,,6635,Y
2026,20260331,3/31/2026,SECURITY FEDERAL BANK,31100,AIKEN,SC,1562169,1377437,0.785074591,8.39,3.261187108,11805,71.77385748,,5416,Y
2020,20200331,3/31/2020,SMARTBANK,58463,PIGEON FORGE,TN,2872592,2353663,0.54855466,4.16,3.839594848,23154,68.44903305,0,3060,Y
2022,20220331,3/31/2022,SMARTBANK,58463,PIGEON FORGE,TN,4718499,4201280,0.794106232,8.05,2.907577341,30806,65.27722746,0,3342,Y
2024,20240331,3/31/2024,SMARTBANK,58463,PIGEON FORGE,TN,4951697,4397341,0.845332825,8.2,2.934816679,32747,67.32560119,,6171,Y
2026,20260331,3/31/2026,SMARTBANK,58463,PIGEON FORGE,TN,5900269,5200942,1.041906305,9.6,3.520783334,47740,57.80851446,,12257,Y
2022,20220331,3/31/2022,SOUTH ATLANTIC BANK,58689,MYRTLE BEACH,SC,1292766,1182490,0.790702895,9.75,3.269752912,9598,72.59836604,0,0,N
2024,20240331,3/31/2024,SOUTH ATLANTIC BANK,58689,MYRTLE BEACH,SC,1666789,1345463,0.591664629,7.77,2.708615917,10359,72.71145144,,25,N
2026,20260331,3/31/2026,SOUTH ATLANTIC BANK,58689,MYRTLE BEACH,SC,1929221,1596546,1.045914785,12.29,3.233054831,14552,59.99135749,,0,N
2020,20200331,3/31/2020,SOUTHEAST BANK,57348,FARRAGUT,TN,1860972,1677034,0.626945537,7.06,3.537053594,15038,64.89843297,0,1888,Y
2022,20220331,3/31/2022,SOUTHEAST BANK,57348,FARRAGUT,TN,2421376,2191524,0.894891531,10.62,3.187519379,17271,66.18111439,0,1275,Y
2024,20240331,3/31/2024,SOUTHEAST BANK,57348,FARRAGUT,TN,2861069,2570905,0.847425913,10.15,3.630838927,24645,67.51902588,,1202,Y
2026,20260331,3/31/2026,SOUTHEAST BANK,57348,FARRAGUT,TN,3578112,3232140,0.601189235,7.19,3.329052416,27707,72.54995567,,1647,Y
2020,20200331,3/31/2020,SOUTHERN FIRST BANK,35295,GREENVILLE,SC,2371877,2036749,0.55663066,5.47,3.410265188,18617,57.6298091,0,9933,Y
2022,20220331,3/31/2022,SOUTHERN FIRST BANK,35295,GREENVILLE,SC,3072531,2729012,1.108816081,11.03,3.373281366,23694,56.07605813,0,4533,Y
2024,20240331,3/31/2024,SOUTHERN FIRST BANK,35295,GREENVILLE,SC,4106376,3478524,0.294610856,3.53,1.991996185,19236,81.6525132,,3646,Y
2026,20260331,3/31/2026,SOUTHERN FIRST BANK,35295,GREENVILLE,SC,4581505,3890994,0.914782509,10.48,2.883540015,30756,58.72816498,,11469,Y
2026,20260331,3/31/2026,STUDIO BANK,59112,NASHVILLE,TN,1356213,1183633,0.576722966,6.18,3.277894899,10021,68.35229293,,2484,N
2022,20220331,3/31/2022,TENNESSEE STATE BANK,20720,PIGEON FORGE,TN,1010255,929005,0.859601296,11.19,3.212440556,7505,71.80536118,0,1193,N
2020,20200331,3/31/2020,THOMASVILLE NATIONAL BANK,34068,THOMASVILLE,GA,1002299,831895,1.983925301,20.46,3.801143677,9007,47.80785059,0,1773,Y
2022,20220331,3/31/2022,THOMASVILLE NATIONAL BANK,34068,THOMASVILLE,GA,1499580,1324208,1.614431548,20.08,3.002944815,10771,48.54737642,0,1070,Y
2024,20240331,3/31/2024,THOMASVILLE NATIONAL BANK,34068,THOMASVILLE,GA,1743564,1509401,2.208382141,24.12,3.864201919,15779,41.03802918,,801,Y
2026,20260331,3/31/2026,THOMASVILLE NATIONAL BANK,34068,THOMASVILLE,GA,2095241,1790859,2.37448779,23.94,4.091952917,20632,37.87845385,,5375,Y
2026,20260331,3/31/2026,THREAD BANK,9499,ROGERSVILLE,TN,1038742,932663,0.614749264,6.55,2.975529874,6991,77.46729123,,148,N
2026,20260331,3/31/2026,TRUXTON TRUST CO,57825,NASHVILLE,TN,1370609,1185840,1.952357789,23.72,3.130660453,10489,49.76774655,,91,N
2020,20200331,3/31/2020,UNITED BANK,172,ZEBULON,GA,1512804,1348680,2.358255465,22.88,3.617118291,13000,54.18524524,0,8013,Y
2022,20220331,3/31/2022,UNITED BANK,172,ZEBULON,GA,2367631,2189603,1.476099838,19.82,2.14275284,12051,58.51844356,0,5624,Y
2024,20240331,3/31/2024,UNITED BANK,172,ZEBULON,GA,2146581,1898426,2.879579119,28.3,5.252990764,27356,40.04011461,,5144,Y
2026,20260331,3/31/2026,UNITED BANK,172,ZEBULON,GA,2216638,1946159,2.591870918,24.2,4.846643932,26088,43.67772234,,2300,Y
2022,20220331,3/31/2022,VOLUNTEER STATE BANK,22451,PORTLAND,TN,1002883,864511,0.754099484,5.57,3.441634214,7344,74.62803446,0,0,N
2024,20240331,3/31/2024,VOLUNTEER STATE BANK,22451,PORTLAND,TN,1110718,911604,0.617131171,5.05,3.79624373,8927,80.05540166,,5625,N
2026,20260331,3/31/2026,WELLWORTH BANK,1711,LAFAYETTE,TN,1776310,1502074,1.302915012,13.09,3.822432365,15728,58.22406007,,16723,N
2020,20200331,3/31/2020,WILSON BANK&TRUST,26962,LEBANON,TN,2867394,2479129,1.307012247,10.77,3.688922778,24613,58.5255526,0,311,Y
2022,20220331,3/31/2022,WILSON BANK&TRUST,26962,LEBANON,TN,4095635,3689286,1.166876728,11.95,3.252296696,31028,56.28589033,0,0,Y
2024,20240331,3/31/2024,WILSON BANK&TRUST,26962,LEBANON,TN,4938380,4457720,1.065520081,12.12,3.047535077,35325,61.45261534,,0,Y
2026,20260331,3/31/2026,WILSON BANK&TRUST,26962,LEBANON,TN,5989062,5352805,1.518593312,15.49,3.796509362,53670,50.91342457,,22808,Y
